cell_id,container_id,r2_orig,r2_m0_refit,r2_m1_075,r2_m1_100,r2_m1_150,best_sigma,best_delta,passes_screen
517420017,511510650,0.8816096909521487,0.8816096909521498,0.8232643403366915,0.42317426237995914,0.42317426237995914,0.75,-0.058345350615458313,False
517430331,511510670,0.7609952356140943,0.7609952356141041,0.7545461077074433,0.4905241222439499,0.4905241222439499,0.75,-0.006449127906660745,False
586183287,511510650,0.749907162297713,0.749907162297622,0.6965230348545459,0.4294795184861606,0.4294795184861606,0.75,-0.05338412744307608,False
517428462,511510670,0.7451155884384376,0.745115588438438,0.6656808568126884,0.39183411291294246,0.39183411291294246,0.75,-0.07943473162574954,False
662288278,652842570,0.7428586138218667,0.7428586138218807,0.6796771840955376,0.41417805423976195,0.41417805423976195,0.75,-0.06318142972634311,False
517431832,511510670,0.7324387748201557,0.7324387748201521,0.6980794190011558,0.3722812983093001,0.3722812983093001,0.75,-0.034359355818996296,False
517431875,511510670,0.7258009246613828,0.7258009246613928,0.7113324352020007,0.4011683797496076,0.4011683797496076,0.75,-0.014468489459392053,False
517410072,511509529,0.7216191401864901,0.7216191401864956,0.6967157824305538,0.2862383265209626,0.2862383265209626,0.75,-0.02490335775594188,False
517424485,511510718,0.6944696771402296,0.6944696771403764,0.6207429130396664,0.4087937291225682,0.4087937291225682,0.75,-0.07372676410071,False
673448245,661732156,0.6851645802547099,0.6851645802548061,0.6074138845638606,0.4012029482953253,0.4012029482953253,0.75,-0.0777506956909455,False
517429112,511510670,0.6757033838746598,0.6757033838746598,0.6062201127272602,0.40485847397575236,0.40485847397575236,0.75,-0.0694832711473996,False
517429406,511510670,0.672007148843055,0.6720071488432142,0.65013683130263,0.18356417592624164,0.18356417592624164,0.75,-0.021870317540584217,False
517430731,511510670,0.6689907813477824,0.6689907813475955,0.6551572126440964,0.24374254280958652,0.24374254280958652,0.75,-0.013833568703499055,False
673450630,661732156,0.6428897515877767,0.6428897515877512,0.582021166430542,0.5108085514137382,0.5108085514137382,0.75,-0.060868585157209165,False
517409561,511509529,0.6250674150503122,0.6250674150510985,0.5873462681103778,0.3871170718725283,0.3871170718725283,0.75,-0.03772114694072071,False
517407858,511507650,0.6232078117862188,0.6168617874966262,0.6034740682516431,0.3289771262550554,0.3289771262550554,0.75,-0.013387719244983165,False
517429007,511510670,0.6213255302894837,0.6213255302880647,0.6170133509497564,0.36755692680904584,0.36755692680904584,0.75,-0.004312179338308297,False
674569872,666589599,0.6210319821902178,0.6210319821903363,0.5444548690879332,0.42931857512265736,0.42931857512265736,0.75,-0.07657711310240312,False
674569235,666589599,0.616062206415936,0.5887204000382439,0.6017082353947858,0.5747547499433894,0.5747547499433894,0.75,0.01298783535654191,False
517407714,511507650,0.6087702779177413,0.6087702779171638,0.5512177926439803,0.34642692464715197,0.34642692464715197,0.75,-0.05755248527318346,False
517410441,511509529,0.6046392822834307,0.604639282283433,0.544945765650324,0.16140283000241928,0.16140283000241928,0.75,-0.059693516633108956,False
729435325,701412138,0.5884545692859497,0.5884545694015761,0.5192603139122378,0.35080435309611646,0.35080435309611646,0.75,-0.06919425548933833,False
517409065,511509529,0.5829456990872652,0.5829456990871957,0.5623017589936581,0.35130935118288886,0.35130935118288886,0.75,-0.02064394009353765,False
729433482,701412138,0.5747229604551432,0.5747229604549173,0.5437392380391564,0.3356225730390374,0.3356225730390374,0.75,-0.030983722415760973,False
587377223,511510736,0.5728210936124689,0.5728210936193665,0.4997853975650276,0.3132313826952964,0.3132313826952964,0.75,-0.0730356960543389,False
673450299,661732156,0.5703617555560749,0.5703617555551739,0.5016730631074282,0.3857568561028979,0.3857568561028979,0.75,-0.06868869244774567,False
517429337,511510670,0.569075242143442,0.5324889821238147,0.5312197247357083,0.47770329451288507,0.47770329451288507,0.75,-0.0012692573881063485,False
587436119,511507650,0.5635272811577186,0.5635272811576414,0.49783114443671117,0.39317467693796126,0.39317467693796126,0.75,-0.06569613672093022,False
517408582,511507650,0.5591424460952534,0.5591424460951799,0.47968739683397166,0.25654634893908623,0.25654634893908623,0.75,-0.07945504926120828,False
662287309,652842570,0.5564653820770039,0.5564653820770156,0.5097701967380623,0.3577349962252535,0.3577349962252535,0.75,-0.04669518533895323,False
662281194,650389885,0.5541972240372413,0.5475579378876484,0.543235934764768,0.2873835291429321,0.2873835291429321,0.75,-0.004322003122880447,False
517407298,511507650,0.5515212122646043,0.5515212122649789,0.4934185755788162,0.4182466198330389,0.4182466198330389,0.75,-0.05810263668616267,False
729435018,701412138,0.5473558490309696,0.5473558490319285,0.5260158612963378,0.2730046897472703,0.2730046897472703,0.75,-0.02133998773559065,False
517420083,511510650,0.5458191936256389,0.5458191936200993,0.5397391399416174,0.30687755439294284,0.30687755439294284,0.75,-0.006080053678481967,False
517510210,511510855,0.5378879941102901,0.5378879941102905,0.5338810067866093,0.5338810067866093,0.5338810067866093,0.75,-0.00400698732368121,False
517429419,511510670,0.5377351000590933,0.5377351000590957,0.491988808658274,0.27580233997625203,0.27580233997625203,0.75,-0.04574629140082176,False
662281726,650389885,0.5367721818501112,0.536772181837456,0.5153058904412828,0.43199661970571224,0.43199661970571224,0.75,-0.021466291396173176,False
696518929,680156909,0.5359165664844113,0.5359165664844127,0.4704844990704262,0.2759467201082084,0.2759467201082084,0.75,-0.06543206741398644,False
674569070,666589599,0.531276454440565,0.5079206435034055,0.4950892139106655,0.4950892139106655,0.4950892139106655,0.75,-0.012831429592739974,False
517472563,511510736,0.5280454331481665,0.5280454331481712,0.45144013360122004,0.20122563696055662,0.20122563696055662,0.75,-0.07660529954695117,False
662296942,653125128,0.5272836126679386,0.527283612668514,0.49419492597428005,0.4032710378363198,0.4032710378363198,0.75,-0.033088686694233926,False
674569996,666589599,0.5249802449289058,0.5249802449317267,0.49053725559437056,0.404288398650019,0.404288398650019,0.75,-0.03444298933735612,False
517512113,511510855,0.5191872251262653,0.5191872251199147,0.4438970326454782,0.2664643130292076,0.2664643130292076,0.75,-0.07529019247443647,False
517409482,511509529,0.5189907062362262,0.5189907062362504,0.4822591224981637,0.3574372287030325,0.3574372287030325,0.75,-0.036731583738086715,False
517409556,511509529,0.5163443470250645,0.5163443465958091,0.48031622240931116,0.2829886543670369,0.2829886543670369,0.75,-0.03602812418649792,False
586183051,511510650,0.5145799129187211,0.5049618092983532,0.4875373970317368,0.44721358985446524,0.44721358985446524,0.75,-0.017424412266616396,False
517421085,511510650,0.5122155713391332,0.5122155713392166,0.49680678728312455,0.36475637096892477,0.36475637096892477,0.75,-0.015408784056092029,False
673448605,661732156,0.5093663644242818,0.5093663644240072,0.490823015313404,0.23744580271413984,0.23744580271413984,0.75,-0.01854334911060318,False
673447392,661732156,0.5075594770872377,0.5075594770878635,0.4497409752367576,0.2865778273377305,0.2865778273377305,0.75,-0.05781850185110593,False
517408114,511507650,0.5005584593006496,0.4619529544450226,0.42888286415264265,0.17686064573963511,0.17686064573963511,0.75,-0.03307009029237995,False
674569921,666589599,0.4994485252547663,0.4994485255008533,0.48409826197227823,0.34577647730465333,0.34577647730465333,0.75,-0.015350263528575048,False
673448223,661732156,0.4994189977064441,0.499418997704543,0.44204075369191065,0.3522246263933857,0.3522246263933857,0.75,-0.05737824401263236,False
517509819,511510855,0.4990976506063964,0.49909765060629774,0.4328506811640891,0.3371731700854299,0.3371731700854299,0.75,-0.06624696944220865,False
729435477,701412138,0.4990181458729926,0.49901814472881667,0.46008091924049,0.46008085158640455,0.46008085158640455,0.75,-0.03893722548832668,False
517512391,511510855,0.4987670439678869,0.4987670439726718,0.45364995269387265,0.45364934051671335,0.45364934051671335,0.75,-0.04511709127879915,False
701733725,688678764,0.4927291654481127,0.4927291654481307,0.45794000827965065,0.45794000748158636,0.45794000748158636,0.75,-0.03478915716848008,False
701730814,688678764,0.492636456708162,0.4926364567082462,0.4762480772070963,0.29320064191037,0.29320064191037,0.75,-0.016388379501149908,False
517512128,511510855,0.4888702474172799,0.48887024741714935,0.41763828230558264,0.38769021051558383,0.38769021051558383,0.75,-0.07123196511156671,False
673450943,661732156,0.4844310767961322,0.4844310767991771,0.4264682543478563,0.2995768813860127,0.2995768813860127,0.75,-0.057962822451320783,False
517409351,511509529,0.4825842460627054,0.4825842460628237,0.40537902945491544,0.2918262485075257,0.2918262485075257,0.75,-0.07720521660790824,False
662281003,652842570,0.4689743923331096,0.4689743923331011,0.45299228705554206,0.28307522643936855,0.28307522643936855,0.75,-0.015982105277559056,False
673450012,661732156,0.45968984033862,0.45968984033890326,0.38983039433514444,0.24789177479944746,0.24789177479944746,0.75,-0.06985944600375882,False
517428614,511510670,0.459638142125938,0.4596381421260649,0.4282261476953848,0.3127086747113964,0.3127086747113964,0.75,-0.0314119944306801,False
674569928,666589599,0.4581014134852899,0.4581014134850758,0.41450440114756903,0.21002455144413967,0.21002455144413967,0.75,-0.04359701233750679,False
517429090,511510670,0.455578952724294,0.4271337596252154,0.39838867060935224,0.3060432248595315,0.3060432248595315,0.75,-0.028745089015863146,False
586182651,511510650,0.454947864983807,0.4549478649834643,0.3930793771943355,0.23067233430230571,0.23067233430230571,0.75,-0.06186848778912879,False
517422409,511510718,0.4527018678269279,0.45270186782692134,0.3796866374018689,0.3070702104424732,0.3070702104424732,0.75,-0.07301523042505242,False
729433364,701412138,0.4526951509659642,0.4526951509654702,0.37969413904817473,0.27870049028964405,0.27870049028964405,0.75,-0.07300101191729547,False
701732025,688678764,0.4524890514202483,0.452489051419657,0.38936968689031803,0.23471206528022148,0.23471206528022148,0.75,-0.06311936452933897,False
729433432,701412138,0.4524736889448846,0.42449326409398835,0.39455065878406836,0.3013045575283414,0.3013045575283414,0.75,-0.02994260530991999,False
517407268,511507650,0.451786024620152,0.451786022451546,0.38594542826531375,0.19157445502221837,0.19157445502221837,0.75,-0.06584059418623223,False
517407273,511507650,0.4507484869217183,0.45074848692525415,0.43039279192001634,0.3642754599140786,0.3642754599140786,0.75,-0.020355695005237817,False
517430289,511510670,0.450274629578442,0.45027462957804143,0.44634171336911954,0.26982709156695606,0.26982709156695606,0.75,-0.003932916208921888,False
673033116,661437138,0.450064578331705,0.45006457833039337,0.4372237521404134,0.3475527413178483,0.3475527413178483,0.75,-0.012840826189979948,False
701727329,688678764,0.4498763577270368,0.4498763577269057,0.3839845928680544,0.13245159109870386,0.13245159109870386,0.75,-0.06589176485885129,False
517421366,511510650,0.4494726697957901,0.4494726697954652,0.4023817626014603,0.26235188252421504,0.26235188252421504,0.75,-0.04709090719400488,False
673449243,661732156,0.448977694607846,0.4130774656694397,0.35678615313823914,0.22214594370778773,0.22214594370778773,0.75,-0.056291312531200566,False
517472135,511510736,0.4475464733886873,0.41773335480424,0.40230778709206616,0.28676912877106375,0.28676912877106375,0.75,-0.015425567712173849,False
673032487,661437138,0.4474879298635696,0.44748792986276287,0.4299137837719498,0.4299137837719498,0.4299137837719498,0.75,-0.017574146090813092,False
701720365,688678764,0.4427697243675302,0.4427697243675788,0.3671755894861598,0.27415983256496845,0.27415983256496845,0.75,-0.07559413488141897,False
517425156,511510718,0.4398541180932847,0.4398541180933421,0.3965456664450262,0.19060116611919764,0.19060116611919764,0.75,-0.04330845164831587,False
674568886,666589599,0.4386777276042986,0.4212231589993487,0.36414882480951105,0.35788175538012046,0.35788175538012046,0.75,-0.05707433418983765,False
696523183,680156909,0.4381830196262735,0.4336734785851962,0.35774858401285015,0.2939518328461769,0.2939518328461769,0.75,-0.07592489457234608,False
674569976,666589599,0.4371727751633604,0.43717277401824595,0.4129939831713363,0.3413564165632843,0.3413564165632843,0.75,-0.02417879084690966,False
673449020,661732156,0.4339041980063418,0.43390419800659275,0.36551467692500306,0.3359136380979659,0.3359136380979659,0.75,-0.06838952108158969,False
696526866,680156909,0.4320639226794825,0.4320639226793388,0.4084802640078816,0.2583667675477578,0.2583667675477578,0.75,-0.023583658671457175,False
696521210,680156909,0.4318508059010161,0.43185082099330796,0.387387321319154,0.3861910395359337,0.3861910395359337,0.75,-0.04446349967415397,False
517408108,511507650,0.4315985174733823,0.43159851747372235,0.4252255440328716,0.2137985518075607,0.2137985518075607,0.75,-0.006372973440850749,False
662288038,652842570,0.4296474068737913,0.42964740687180447,0.3577688552641429,0.23594687936014758,0.23594687936014758,0.75,-0.07187855160766154,False
517406415,511507650,0.4287943014144605,0.4045879092794262,0.3805547403471774,0.3805547403471774,0.3805547403471774,0.75,-0.024033168932248827,False
673033628,661437138,0.4269098899947571,0.4269098899973862,0.39864651988303546,0.2731361327087213,0.2731361327087213,0.75,-0.02826337011435076,False
673451389,661732156,0.4263137684590762,0.42631376845891467,0.3689388459003974,0.09084064547619841,0.09084064547619841,0.75,-0.05737492255851728,False
673032254,661437138,0.4252121047989676,0.425212104600721,0.36531071899050294,0.29118652190350136,0.29118652190350136,0.75,-0.05990138561021807,False
662300751,653125128,0.4220696154283619,0.42206961542837373,0.3971218302457997,0.2510929765426706,0.2510929765426706,0.75,-0.02494778518257401,False
701720592,688678764,0.4219754221347775,0.4219754221347314,0.3437093313552322,0.34370929093142377,0.34370929093142377,0.75,-0.0782660907794992,False
673448754,661732156,0.4211215696205262,0.39611234601686984,0.38474450294895113,0.2156867914199493,0.2156867914199493,0.75,-0.011367843067918715,False
517409973,511509529,0.4189680057349126,0.4189680057349009,0.4019669341551517,0.2577137938059031,0.2577137938059031,0.75,-0.017001071579749172,False
673448260,661732156,0.4178550630702917,0.4178550630701773,0.3562905463603242,0.3515626218049095,0.3515626218049095,0.75,-0.06156451670985308,False
673449583,661732156,0.4176547982530946,0.4176547982529656,0.3423535041186384,0.1890207019226965,0.1890207019226965,0.75,-0.07530129413432718,False
517407706,511507650,0.4174215246531787,0.4174215246532287,0.34100731098794934,0.2748088387147054,0.2748088387147054,0.75,-0.07641421366527934,False
673032125,661437138,0.417419759024024,0.4174197590240242,0.3999421909770302,0.19947901231061294,0.19947901231061294,0.75,-0.017477568046993963,False
674569983,666589599,0.416803739491921,0.40380839883396613,0.3664624036878037,0.29791025852322073,0.29791025852322073,0.75,-0.037345995146162436,False
517431302,511510670,0.4165827564418376,0.3919500828843103,0.3858625584085975,0.2793153467682592,0.2793153467682592,0.75,-0.006087524475712813,False
701720562,688678764,0.4159070251046027,0.41590702510465505,0.3417390849842338,0.20802126811873534,0.20802126811873534,0.75,-0.07416794012042127,False
673451359,661732156,0.4149868851040719,0.4149868851037526,0.3600511227679912,0.2684850587374916,0.2684850587374916,0.75,-0.05493576233576136,False
662283100,650389885,0.4141462659124257,0.4141462659105484,0.36401203530817516,0.273171099644822,0.273171099644822,0.75,-0.05013423060237321,False
517408456,511507650,0.4139672853131643,0.413967285313232,0.36328565258356593,0.14567636176757215,0.14567636176757215,0.75,-0.05068163272966608,False
517409472,511509529,0.4113716126805384,0.4113716126805109,0.40491671795919004,0.37534039542497033,0.37534039542497033,0.75,-0.006454894721320881,False
673450990,661732156,0.4109555178321494,0.39264646135223114,0.3521980200274486,0.3521980200274486,0.3521980200274486,0.75,-0.040448441324782536,False
673033747,661437138,0.4105752690043582,0.41057526900207897,0.3958947907046467,0.22894179454635022,0.22894179454635022,0.75,-0.014680478297432242,False
662297847,653125128,0.4102592464455683,0.3950774898411915,0.3253117286379723,0.1559614265909498,0.1559614265909498,0.75,-0.0697657612032192,False
662297913,653125128,0.4100862355263165,0.37528591240901976,0.3847052424631242,0.02506273379708235,0.02506273379708235,0.75,0.009419330054104447,False
517429981,511510670,0.408215712902805,0.40821571290290215,0.3910474513436205,0.24451625164606205,0.24451625164606205,0.75,-0.01716826155928164,False
517410064,511509529,0.4075769734211614,0.40757697342116417,0.36405331871726154,0.2786001478940785,0.2786001478940785,0.75,-0.043523654703902626,False
517408120,511507650,0.4051601214174344,0.40516012141744484,0.4011540159520166,0.24841050534050013,0.24841050534050013,0.75,-0.0040061054654282335,False
696518931,682734790,0.4048689147994303,0.3720885673438711,0.3171634818213058,0.20018002469605045,0.20018002469605045,0.75,-0.05492508552256525,False
517430372,511510670,0.4045558454411504,0.3923684642541083,0.394753845486726,0.34638857812629775,0.34638857812629775,0.75,0.002385381232617667,False
696519601,680156909,0.4038371937871899,0.403837193786747,0.3848423547832668,0.32971346436986027,0.32971346436986027,0.75,-0.0189948390034802,False
673033240,661437138,0.402874766987332,0.40287476698754243,0.4020948566389275,0.2419544931039629,0.2419544931039629,0.75,-0.0007799103486149095,False
674568914,666589599,0.4010442294396583,0.36880981381045685,0.35233187811358535,0.34606514367186914,0.34606514367186914,0.75,-0.016477935696871504,False
696519136,682734790,0.4004019956106672,0.38803707175857005,0.3900512147806837,0.17401039641211458,0.17401039641211458,0.75,0.002014143022113668,False
696523766,682734790,0.3999189088255899,0.3935558372078126,0.31978610608174673,0.31010152797686774,0.31010152797686774,0.75,-0.07376973112606589,False
662281531,650389885,0.3992953946983163,0.3992953946978116,0.3569261861560856,0.3569261861560856,0.3569261861560856,0.75,-0.04236920854172599,False
662278429,650389885,0.3988987344226719,0.39379430762862144,0.3713171121562122,0.2968355317515796,0.2968355317515796,0.75,-0.022477195472409228,False
517407864,511507650,0.3984963845916196,0.3984963861628572,0.3476767349427966,0.34767453869986575,0.34767453869986575,0.75,-0.0508196512200606,False
729432957,701412138,0.3983306713648258,0.39833066532873784,0.3625507829935021,0.36254973894331,0.36254973894331,0.75,-0.03577988233523577,False
587377064,511510736,0.3977003896502509,0.3729697273440189,0.3435914592925857,0.31718289791610954,0.31718289791610954,0.75,-0.029378268051433176,False
517410194,511509529,0.3976674364173468,0.39766743638435875,0.34775808544024656,0.2674223781388916,0.2674223781388916,0.75,-0.049909350944112196,False
589167189,511510718,0.3962001522101981,0.3676981341023323,0.37297246832212494,0.3471653819356454,0.3471653819356454,0.75,0.00527433421979262,False
674570187,666589599,0.3934799006019803,0.3934799006019065,0.33620830756230846,0.22787388661210384,0.22787388661210384,0.75,-0.05727159303959806,False
517407720,511507650,0.3917200236445477,0.3792963557599738,0.36886363367769404,0.241687917226586,0.241687917226586,0.75,-0.010432722082279744,False
662298985,653125128,0.3914301263482036,0.3914301263482036,0.36639047385246115,0.30927090845521277,0.30927090845521277,0.75,-0.02503965249574247,False
662284750,650389885,0.3910465163702625,0.39104651630815446,0.3716330308332392,0.28930593383854397,0.28930593383854397,0.75,-0.019413485474915282,False
674570145,666589599,0.3908374798983429,0.3908374798944103,0.37138541802798763,0.33237277484308037,0.33237277484308037,0.75,-0.019452061866422676,False
673450825,661732156,0.390837094992572,0.39083709499277663,0.3208207151300353,0.3208207151300353,0.3208207151300353,0.75,-0.07001637986274134,False
662301762,653125128,0.3908302050914877,0.3908302050916008,0.3686305072452327,0.2407685631023374,0.2407685631023374,0.75,-0.022199697846368105,False
517407131,511507650,0.390763499205906,0.3704022072958365,0.36989181198351384,0.223718303389703,0.223718303389703,0.75,-0.0005103953123226646,False
662287988,652842570,0.3907393286296331,0.3907393286313312,0.32088611436989334,0.20079194113981436,0.20079194113981436,0.75,-0.06985321426143787,False
701729980,688678764,0.3895738380150595,0.38957383801507584,0.3804149301870693,0.24606846479396516,0.24606846479396516,0.75,-0.009158907828006546,False
701733631,688678764,0.3892869314091794,0.3892869314091375,0.3525271702566841,0.2476340109052353,0.2476340109052353,0.75,-0.036759761152453385,False
662283030,652842570,0.38874020884531,0.3887402088452844,0.31559537149168604,0.18509368510095348,0.18509368510095348,0.75,-0.07314483735359834,False
589162125,511510718,0.3883749104045569,0.3883749104041826,0.3371618941630886,0.29722319166177047,0.29722319166177047,0.75,-0.05121301624109398,False
662281854,650389885,0.3879865696632535,0.387986569668876,0.3601852406508247,2.390043476097059e-05,2.390043476097059e-05,0.75,-0.027801329018051324,False
696518870,682734790,0.3873553121833695,0.38735531218347363,0.34643206453359765,0.34643206453359765,0.34643206453359765,0.75,-0.04092324764987598,False
701730710,688678764,0.3869656393790135,0.3794310203889585,0.36025473224667015,0.22950347951903605,0.22950347951903605,0.75,-0.019176288142288334,False
673450980,661732156,0.3866346848393033,0.3866346850533988,0.3639574347503921,0.32921014325162645,0.32921014325162645,0.75,-0.022677250303006713,False
673449903,661732156,0.3866039824945549,0.386603982494533,0.3263957083271395,0.3263957083271395,0.3263957083271395,0.75,-0.060208274167393494,False
662299509,653125128,0.3858137558933445,0.3858137558945318,0.31159768885888606,0.3115976681426844,0.3115976681426844,0.75,-0.07421606703564576,False
729435220,701412138,0.3849934492213326,0.34989756606335143,0.3551529038876995,0.35515279737685634,0.35515279737685634,0.75,0.005255337824348061,False
674569418,666589599,0.3847596646315311,0.38475966463074285,0.32146971660069035,0.27987664144614455,0.27987664144614455,0.75,-0.0632899480300525,False
662287807,652842570,0.3847472655166569,0.37020720988973,0.32431515443095393,0.10464758610450475,0.10464758610450475,0.75,-0.04589205545877606,False
517472716,511510736,0.3842658822065111,0.3842658822111894,0.3348205373151413,0.2304060885371939,0.2304060885371939,0.75,-0.04944534489604813,False
673450926,661732156,0.3841453913431292,0.36637512782466286,0.3561323575191512,0.16475398440542788,0.16475398440542788,0.75,-0.010242770305511684,False
696520854,680156909,0.3835841630279383,0.3835841630282507,0.3297634934128406,0.1851038978581887,0.1851038978581887,0.75,-0.0538206696154101,False
517407808,511507650,0.3833187743381521,0.3695186842625122,0.34687943685845757,0.2830508607468888,0.2830508607468888,0.75,-0.022639247404054652,False
701730830,688678764,0.3831798816271374,0.3831798816281917,0.3402752321207466,0.2676286639336706,0.2676286639336706,0.75,-0.0429046495074451,False
517424515,511510718,0.3831084268928197,0.3831084268912459,0.3507729570919865,0.24466310053944373,0.24466310053944373,0.75,-0.032335469799259386,False
662280431,652842570,0.3826196128492015,0.382619612849057,0.3367976941182935,0.16357560903694246,0.16357560903694246,0.75,-0.04582191873076347,False
673033092,661437138,0.3808722355086466,0.3749158035643111,0.37068353290227396,0.3207063925734631,0.3207063925734631,0.75,-0.00423227066203713,False
729435065,701412138,0.3790391985020457,0.3546739438581451,0.36182239088659063,0.2201078382717765,0.2201078382717765,0.75,0.007148447028445526,False
696519164,682734790,0.3761351694194758,0.36131513639322366,0.3391408035141118,0.20035424875872188,0.20035424875872188,0.75,-0.022174332879111858,False
662286645,652842570,0.3757337948367999,0.37573379479607016,0.3036389887713099,0.03600682406214184,0.03600682406214184,0.75,-0.07209480602476026,False
662279041,650389885,0.3753390521606832,0.3753390521639165,0.35748459226837725,0.29228566421358826,0.29228566421358826,0.75,-0.017854459895539243,False
729433694,701412138,0.3752374072523229,0.36343814655451456,0.338088825266878,0.2577842438096549,0.2577842438096549,0.75,-0.02534932128763656,False
701719834,688678764,0.3734192315517698,0.3734192315516883,0.336825655974491,0.24326578625893092,0.24326578625893092,0.75,-0.036593575577197335,False
701726873,688678764,0.3729586272398025,0.3729586272397064,0.365648217216722,0.33799066881869233,0.33799066881869233,0.75,-0.007310410022984382,False
696524021,682734790,0.3728621636772011,0.3728621636759639,0.33672171226268166,0.33672171226268166,0.33672171226268166,0.75,-0.03614045141328226,False
517408235,511507650,0.3716938115186878,0.37169381151915126,0.36229860802070624,0.299081930774286,0.299081930774286,0.75,-0.009395203498445026,False
517406835,511507650,0.3710438829068132,0.36725106440269684,0.3677386660699292,0.2993475134212521,0.2993475134212521,0.75,0.00048760166723238463,False
662288266,652842570,0.370785803319838,0.3620985165149313,0.35555948720130626,0.35555935677009876,0.35555935677009876,0.75,-0.006539029313625044,False
673032947,661437138,0.3705128230904311,0.3705128230891467,0.3190461838813601,0.23420447692475732,0.23420447692475732,0.75,-0.0514666392077866,False
729434173,701412138,0.3702646392013811,0.37026463920145025,0.31051967354883814,0.3021262361856246,0.3021262361856246,0.75,-0.059744965652612114,False
729433925,701412138,0.3701573492195181,0.370157349218489,0.3320143099352214,0.3320143099352214,0.3320143099352214,0.75,-0.038143039283267566,False
674569049,666589599,0.3696491725648486,0.35672877476057074,0.33374842376195435,0.33374627130329426,0.33374627130329426,0.75,-0.022980350998616395,False
662286886,652842570,0.3693070654052387,0.3618843382079763,0.3184820509744132,0.25213667238522963,0.25213667238522963,0.75,-0.0434022872335631,False
701729323,688678764,0.3691238755282938,0.36202097921458265,0.30424413908443915,0.1814971238712908,0.1814971238712908,0.75,-0.0577768401301435,False
662279435,650389885,0.3689756978803276,0.34218904646109305,0.28368475649402813,0.28367787108237974,0.28367787108237974,0.75,-0.058504289967064915,False
673032268,661437138,0.3676918205772905,0.33944235061539385,0.30731738138975717,0.12729873778080236,0.12729873778080236,0.75,-0.03212496922563668,False
701722576,688678764,0.3676673242058541,0.36766732420269843,0.3157207071781546,0.15442142750841992,0.15442142750841992,0.75,-0.05194661702454384,False
673450245,661732156,0.3670914973559509,0.36709149735704305,0.33857743654059036,0.33857719319605895,0.33857719319605895,0.75,-0.02851406081645269,False
701732004,688678764,0.3666243081276428,0.3666243081277456,0.3400631994836727,0.22759975778185249,0.22759975778185249,0.75,-0.026561108644072906,False
673449179,661732156,0.3664552638916405,0.3581158535014083,0.3088909852174704,0.11159746999562159,0.11159746999562159,0.75,-0.049224868283937906,False
701728242,688678764,0.3664390869739199,0.35616033736389796,0.34297772287748995,0.26750667983704657,0.26750667983704657,0.75,-0.013182614486408006,False
517409005,511509529,0.3663454237847359,0.36634533952789194,0.3659385553041855,0.16923213510223634,0.16923213510223634,0.75,-0.00040678422370643563,False
517429109,511510670,0.3663283997528196,0.3663283997530753,0.3129607518093648,0.3129591953683257,0.3129591953683257,0.75,-0.05336764794371052,False
673033443,661437138,0.365848740331846,0.36584874033167303,0.3306922848029521,0.26833015467447685,0.26833015467447685,0.75,-0.03515645552872093,False
662300439,653125128,0.3656869579345551,0.3216209548896076,0.3278366698185985,0.2737301330771792,0.2737301330771792,0.75,0.0062157149289908675,False
701728125,688678764,0.3648541884943163,0.3364347646882825,0.3229187191402959,0.28173354786561444,0.28173354786561444,0.75,-0.013516045547986577,False
674569270,666589599,0.3643511651643746,0.3502829523308981,0.34967095411146143,0.301445661345513,0.301445661345513,0.75,-0.0006119982194366935,False
517422676,511510718,0.3642944989141188,0.364294498914044,0.35117301542064305,0.3467347706940235,0.3467347706940235,0.75,-0.01312148349340092,False
662281094,652842570,0.3630003067034922,0.36300030670863126,0.2985792314392366,0.2985768881689531,0.2985768881689531,0.75,-0.06442107526939467,False
696520090,682734790,0.3627382187098862,0.31459527165847556,0.292706407720875,0.2568314663836516,0.2568314663836516,0.75,-0.02188886393760059,False
701733740,688678764,0.3620376732300135,0.3620376732300783,0.2976633700418153,0.1641122093291013,0.1641122093291013,0.75,-0.06437430318826298,False
517513175,511510855,0.3611413248892203,0.36114132488949524,0.3387216943952711,0.3387216943952711,0.3387216943952711,0.75,-0.02241963049422413,False
701724192,688678764,0.3601322916254572,0.3516086195935042,0.3094395749120058,0.10965662239481322,0.10965662239481322,0.75,-0.0421690446814984,False
517430502,511510670,0.3589972597126344,0.32988271890427223,0.32588211605406614,0.313060596391992,0.313060596391992,0.75,-0.004000602850206092,False
701728977,688678764,0.3586964291103182,0.358696429122901,0.3090326384784319,0.26465858996225533,0.26465858996225533,0.75,-0.04966379064446913,False
662297257,653125128,0.3577835717777458,0.3522378146136207,0.34154928138298524,0.30540365328913066,0.30540365328913066,0.75,-0.010688533230635455,False
517410411,511509529,0.3577030836437005,0.3577030836385394,0.30049819530115685,0.18937732766187643,0.18937732766187643,0.75,-0.057204888337382576,False
696521626,682734790,0.357324911071427,0.34567380604034514,0.32269214706545846,0.12640734389112207,0.12640734389112207,0.75,-0.022981658974886687,False
701731639,688678764,0.3565897843787273,0.35658978437912736,0.3193762804961393,0.2850155208094767,0.2850155208094767,0.75,-0.03721350388298805,False
589156289,511510670,0.3565485258725487,0.3565485258726929,0.34511807970378383,0.23511713945791413,0.23511713945791413,0.75,-0.011430446168909092,False
587436003,511507650,0.3563953082458284,0.3457760344332603,0.3396352342634045,0.3116476520865684,0.3116476520865684,0.75,-0.006140800169855853,False
517410003,511509529,0.3551695112010069,0.35516951120053675,0.29101461920579785,0.05674329404737233,0.05674329404737233,0.75,-0.0641548919947389,False
517409477,511509529,0.3551168402034236,0.3238143385867013,0.3070447552926231,0.1949018894694874,0.1949018894694874,0.75,-0.016769583294078183,False
701720733,688678764,0.3540975447468695,0.35409754474681776,0.3072071848949228,0.21679963031211635,0.21679963031211635,0.75,-0.046890359851894936,False
662285708,650389885,0.3535983431231114,0.35359834310853067,0.29476594828319935,0.2402600295678614,0.2402600295678614,0.75,-0.05883239482533131,False
517514881,511510855,0.3517358199986986,0.35173581999873293,0.3334739929978938,0.21708051794257788,0.21708051794257788,0.75,-0.018261827000839115,False
662297775,653125128,0.3515974113974155,0.33426024359656403,0.31554588862799104,0.3155458126772882,0.3155458126772882,0.75,-0.018714354968572988,False
517426420,511510718,0.3515896009101992,0.306452326885826,0.3207998073341227,0.2141107034136518,0.2141107034136518,0.75,0.014347480448296701,False
662297630,653125128,0.3510439413831074,0.34940982260863895,0.3278184205673952,0.2195532924539001,0.2195532924539001,0.75,-0.021591402041243768,False
673448632,661732156,0.350981823119301,0.35098182308362114,0.34756103034205976,0.164447157534091,0.164447157534091,0.75,-0.0034207927415613737,False
673449835,661732156,0.3508806985298194,0.3508806985305528,0.3078261104383997,0.3078259908255173,0.3078259908255173,0.75,-0.04305458809215312,False
696526803,680156909,0.3508160805587151,0.3272773313858274,0.3423731325884082,0.3423731312692532,0.3423731312692532,0.75,0.015095801202580805,False
696520865,680156909,0.3506320331041336,0.35063203310362867,0.2984729741737875,0.19550608935258373,0.19550608935258373,0.75,-0.052159058929841184,False
589171615,511510718,0.3494877524596588,0.34948775245860253,0.3272024146724678,0.1468648433849159,0.1468648433849159,0.75,-0.02228533778613473,False
589170135,511510718,0.3489855940494272,0.3489855943012461,0.31168367366027916,0.1572201744463837,0.1572201744463837,0.75,-0.037301920640966935,False
517509835,511510855,0.3480434983885647,0.319641580901606,0.24096799563102567,0.16257685808938527,0.16257685808938527,0.75,-0.07867358527058033,False
696524282,680156909,0.3479645870852544,0.3292981340737009,0.28504842559953636,0.03778908773584233,0.03778908773584233,0.75,-0.04424970847416454,False
696519229,680156909,0.346873668850425,0.34687366885043314,0.3200758332697228,0.19036047308365334,0.19036047308365334,0.75,-0.02679783558071036,False
517410149,511509529,0.3462505690487915,0.34518189361293694,0.3315935190337216,0.23586371598588907,0.23586371598588907,0.75,-0.013588374579215357,False
673450030,661732156,0.3461075309119208,0.3461075308979291,0.27306095695303323,0.2001138001482684,0.2001138001482684,0.75,-0.07304657394489589,False
696520748,682734790,0.3459055148246913,0.3459055148223993,0.2856477141055186,0.22756392013782523,0.22756392013782523,0.75,-0.060257800716880694,False
587178625,511509529,0.3456366903308364,0.3371980296927659,0.292763810673334,0.2450662305151865,0.2450662305151865,0.75,-0.0444342190194319,False
701723938,688678764,0.3449209987381052,0.34492099873813686,0.2869708322695944,0.1691473300218913,0.1691473300218913,0.75,-0.05795016646854245,False
517512106,511510855,0.344589613516951,0.3445896135134202,0.3007304688071144,0.27887915772946037,0.27887915772946037,0.75,-0.04385914470630581,False
662302204,653125128,0.3442383172288009,0.34423831722999054,0.3357783006260958,0.1959701001182622,0.1959701001182622,0.75,-0.008460016603894727,False
517407074,511507650,0.3405799267705632,0.34057992676922033,0.3392375588218852,0.13004800165678543,0.13004800165678543,0.75,-0.0013423679473351102,False
701730030,688678764,0.3393903339729813,0.3393903339725185,0.3144124713290217,0.2677211145048429,0.2677211145048429,0.75,-0.024977862643496773,False
696518394,682734790,0.3388798194290793,0.30013963756692186,0.32027633668578614,0.32027633668578614,0.32027633668578614,0.75,0.020136699118864287,False
517425038,511510718,0.3388688714017815,0.3388688714016632,0.2913621841162368,0.29136205296059403,0.29136205296059403,0.75,-0.0475066872854264,False
701720168,688678764,0.33790520584347,0.3185122304958312,0.262833116277711,0.262833116277711,0.262833116277711,0.75,-0.05567911421812022,False
673450341,661732156,0.337831895768322,0.33783189576859185,0.2722809224323558,0.2507303358576538,0.2507303358576538,0.75,-0.06555097333623605,False
517430114,511510670,0.3377531762041703,0.3250361672052243,0.3272067431927588,0.2894379708090149,0.2894379708090149,0.75,0.002170575987534451,False
517510502,511510855,0.3371568829394379,0.3371568829394339,0.3011635859007127,0.225648719177992,0.225648719177992,0.75,-0.03599329703872123,False
696522107,682734790,0.335687012947393,0.3356870129400682,0.2595373688001813,0.21708955236682548,0.21708955236682548,0.75,-0.0761496441398869,False
517422886,511510718,0.3347802920651017,0.33478029542174537,0.3188335220384937,0.09962448914534594,0.09962448914534594,0.75,-0.015946773383251678,False
517513889,511510855,0.334778996612692,0.31590992128900375,0.29428090204809243,0.2942727512890151,0.2942727512890151,0.75,-0.021629019240911318,False
673451211,661732156,0.3345311532423842,0.33380787373652776,0.2902683118919239,0.23367618775912746,0.23367618775912746,0.75,-0.043539561844603836,False
696525940,680156909,0.3343004169541783,0.3343004169541881,0.31974500657146254,0.05108978386376217,0.05108978386376217,0.75,-0.014555410382725564,False
696519799,682734790,0.3331247748718041,0.31399641487362984,0.295889518758947,0.2958847352223024,0.2958847352223024,0.75,-0.018106896114682858,False
517410339,511509529,0.3324056918729809,0.2899564974103862,0.32569633892153393,0.32569604101478766,0.32569604101478766,0.75,0.03573984151114773,False
696520734,682734790,0.3302613187625293,0.3294197083768089,0.3125629749706409,0.31253391690736254,0.31253391690736254,0.75,-0.016856733406168,False
701726950,688678764,0.3301480549643424,0.283858688674835,0.24135304994896278,0.1749498731213971,0.1749498731213971,0.75,-0.04250563872587221,False
701730010,688678764,0.3300204174878924,0.3300204174877077,0.2817086845940836,0.021516320414800005,0.021516320414800005,0.75,-0.048311732893624115,False
517472544,511510736,0.3297508295335687,0.3297508295313236,0.2789334514327352,0.2713506014578394,0.2713506014578394,0.75,-0.05081737809858844,False
662296986,653125128,0.3296885466490404,0.29730151391218995,0.3181222014704136,0.2752066678348265,0.2752066678348265,0.75,0.02082068755822364,False
729434586,701412138,0.3295817312355316,0.32958173123428336,0.3258680975059163,0.2996571390563474,0.2996571390563474,0.75,-0.003713633728367083,False
517428098,511510670,0.3292881784162603,0.313614957952283,0.3227751582178402,0.2896662563148864,0.2896662563148864,0.75,0.009160200265557195,False
517472514,511510736,0.3275065094982127,0.32750650949435167,0.31225500751331614,0.31225326599166114,0.31225326599166114,0.75,-0.015251501981035531,False
696522738,680156909,0.327329470636853,0.30670943006567974,0.2756404510539525,0.23880734285323124,0.23880734285323124,0.75,-0.031068979011727227,False
662282181,652842570,0.3268679142335235,0.31982998743602187,0.2687149845358987,0.13776525346068158,0.13776525346068158,0.75,-0.05111500290012316,False
517408588,511507650,0.3264878473385203,0.2864308545913661,0.32629855969184907,0.17879874555076414,0.17879874555076414,0.75,0.039867705100482986,False
701720679,688678764,0.3264270417765736,0.30364735334265747,0.2446760865278067,0.09738394348972335,0.09738394348972335,0.75,-0.058971266814850765,False
701728032,688678764,0.3238346381103913,0.32383463811086655,0.2660307496519656,0.07176450975234916,0.07176450975234916,0.75,-0.05780388845890094,False
662281168,650389885,0.3216809657019669,0.32168096511081157,0.2474747694621744,0.20329990821893384,0.20329990821893384,0.75,-0.07420619564863717,False
696526853,680156909,0.3201386738949486,0.3157642710891658,0.31651111174461066,0.31651111174461066,0.31651111174461066,0.75,0.0007468406554448359,False
696520974,680156909,0.3170430336571878,0.31704303365720177,0.26475763707181466,0.050521418314074085,0.050521418314074085,0.75,-0.05228539658538711,False
701729645,688678764,0.3169666329529074,0.2801175840321999,0.3014664647291302,0.25439387375548783,0.25439387375548783,0.75,0.021348880696930306,False
696520316,680156909,0.3165738171634553,0.30397125120610446,0.29576481734556104,0.2913889348175889,0.2913889348175889,0.75,-0.008206433860543427,False
696519186,680156909,0.3158856671403668,0.3158856671406408,0.2503074866923394,0.11996954220266665,0.11996954220266665,0.75,-0.06557818044830144,False
662287426,652842570,0.3157207983788659,0.31572079837888123,0.30848850179963005,0.28761312062757904,0.28761312062757904,0.75,-0.007232296579251174,False
696524004,682734790,0.3155739054795852,0.31557390548029296,0.28632349886426145,0.24543119049598694,0.24543119049598694,0.75,-0.02925040661603151,False
701721109,688678764,0.3148025250097315,0.30559124320072784,0.28843177214986115,0.1832811744308901,0.1832811744308901,0.75,-0.01715947105086668,False
696522378,682734790,0.3147702485262256,0.31477024852627333,0.2821290725354123,0.1932765801903833,0.1932765801903833,0.75,-0.03264117599086103,False
696521509,682734790,0.313912489332059,0.30511536406751616,0.2788326917418783,0.2788326917418783,0.2788326917418783,0.75,-0.026282672325637857,False
701731997,688678764,0.3134269645971528,0.30208553582657083,0.23762763745709437,0.11803285005216124,0.11803285005216124,0.75,-0.06445789836947646,False
662302305,653125128,0.3129949843762803,0.31299498436557605,0.30158682719021457,0.09098281655405904,0.09098281655405904,0.75,-0.011408157175361477,False
729434149,701412138,0.3129165815893568,0.3129165815893854,0.2908222608511325,0.15645076119464496,0.15645076119464496,0.75,-0.022094320738252904,False
701720018,688678764,0.3128770976948488,0.3128770976945098,0.2806803827033659,0.13381173991059037,0.13381173991059037,0.75,-0.03219671499114385,False
701719661,688678764,0.3125693928462733,0.27155869167488933,0.24448992559864158,0.156732612627125,0.156732612627125,0.75,-0.027068766076247752,False
662299438,653125128,0.3115506876527646,0.3115506876522589,0.23212711847542855,0.23212531888811472,0.23212531888811472,0.75,-0.07942356917683036,False
696520652,680156909,0.3114279917118128,0.2681579996247284,0.21783007274175648,0.17569880790567527,0.17569880790567527,0.75,-0.05032792688297194,False
696518321,682734790,0.3098418212105978,0.30984182120818493,0.2967014052954763,0.2267237229457133,0.2267237229457133,0.75,-0.013140415912708647,False
701730639,688678764,0.309175663629762,0.30121851390976384,0.24058300937061927,0.19259084076928457,0.19259084076928457,0.75,-0.06063550453914457,False
701721123,688678764,0.3090174237045612,0.3090174237054284,0.25998774447617523,0.24211039830576608,0.24211039830576608,0.75,-0.049029679229253165,False
673032384,661437138,0.3077397200303923,0.30773972003788974,0.24762559417589003,0.22726615589767551,0.22726615589767551,0.75,-0.06011412586199971,False
662281402,650389885,0.3068732523300287,0.30687325233053864,0.2740367701532388,0.1440934727782941,0.1440934727782941,0.75,-0.03283648217729984,False
517429124,511510670,0.306510308584242,0.3002787422257822,0.2965810689690893,0.2797540624351782,0.2797540624351782,0.75,-0.0036976732566929016,False
701732734,688678764,0.3065082512546795,0.3065082512546444,0.3060499168541233,0.2312079387294258,0.2312079387294258,0.75,-0.00045833440052112095,False
517407360,511507650,0.3059547130270178,0.265043698451758,0.25518795410053174,0.21770475039473502,0.21770475039473502,0.75,-0.00985574435122627,False
696520070,680156909,0.305482993522299,0.26857286005923076,0.24635389470485858,0.17096517602282446,0.17096517602282446,0.75,-0.022218965354372178,False
517473341,511510736,0.3051483957611021,0.26992342191788976,0.26063417292141133,0.20034895121864227,0.20034895121864227,0.75,-0.009289248996478428,False
517409998,511509529,0.3050103454299591,0.29454923294923885,0.2966579788753836,0.24248341689169695,0.24248341689169695,0.75,0.0021087459261447394,False
662278991,650389885,0.3044715398710148,0.2810538609309713,0.2618392034722766,0.23261307782330654,0.23261307782330654,0.75,-0.01921465745869466,False
517422499,511510718,0.3044681366427607,0.3044681366433243,0.23946302395343588,0.17268300955431937,0.17268300955431937,0.75,-0.0650051126898884,False
662286686,652842570,0.3041845509565953,0.3041845509514074,0.28980346847588967,0.28231387521139195,0.28231387521139195,0.75,-0.014381082475517726,False
517511626,511510855,0.3039283666509953,0.3039283666511079,0.2303741324890478,0.06108755588278181,0.06108755588278181,0.75,-0.07355423416206008,False
662300519,653125128,0.3039239177566577,0.26261689221543894,0.2642744571984069,0.2642740985019928,0.2642740985019928,0.75,0.001657564982967985,False
696523193,680156909,0.3033895886126794,0.30338958861425,0.2709276387416657,0.1831258151312013,0.1831258151312013,0.75,-0.03246194987258433,False
662297471,653125128,0.3004013779179438,0.30040137793506017,0.2576857592778019,0.21064493378754012,0.21064493378754012,0.75,-0.04271561865725826,False
