name,name_rank,cell_id,container_id,cre_line,imaging_depth_um,cortex_x_um,cortex_y_um,sigma_deg,kappa,kappa_dir,sigma_phi_deg,sigma_orth_deg,sigma_x_deg,sigma_y_deg,x0_deg,y0_deg,x0_px,y0_px,amplitude,theta_envelope,phi_deg,phi_confidence,edge_orientation,r_squared,rmse,aic,converged,n_starts_succeeded,r2_improvement,delta_r2_vs_m0,r2_m0,r2_m1,r2_m2,low_kappa,low_r2,multistart_helped,pixel_size_deg,vmax,model_abs_max,orientation_sharpness,comment,kappa_lobe
Georgette,1,517409263,511509529,Cux2-CreERT2,,199.8381566820277,251.0557603686636,8.667968509983002,1.2271334527034217,0.8149072929247931,9.602033628818376,7.824767231033211,9.602033628818376,7.824767231033211,25.97546121632774,55.46315931361968,5.5861206916833845,11.927561142713907,0.0022118175309984,85.23699527015111,71.53905074349508,4.8823647978137705,161.53905074349507,0.4952426823362985,0.0002398275699456,-7454.688954851952,True,16,0.2559964906951694,0.0691834109533034,0.4260592467208219,0.4952426576741254,0.4713715178329758,True,False,True,4.65,0.0017237420915625,0.6002150794205818,1.5929661741871173,,1.2209426677759967
Steve,2,517430463,511510670,Cux2-CreERT2,,74.45167630057804,25.77606936416185,7.857467149402685,1.3291663668235203,0.7523512668995893,9.058832836960132,6.815424361518557,9.058832836960132,6.815424361518557,25.34044183484874,53.93598219496946,5.449557383838438,11.59913595590741,-0.0008959251345451,44.81979192823465,224.66150329315545,6.22083353919241,134.66150329315542,0.4523651251976497,9.841292460630496e-05,-8252.799219756098,True,16,0.2176964457494001,0.1041828160066387,0.3481823464443179,0.4523651624509566,0.3361476544003132,False,False,True,4.65,0.0007308279105927,0.6021175094393023,1.630709928601325,,0.7727400521944682
Cassandra,3,517509862,511510855,Cux2-CreERT2,,73.41176470588236,72.82141176470589,8.350123104250217,1.4948722436426416,0.6689534869971512,10.209275353796892,6.829530347636505,10.209275353796892,6.829530347636505,41.1245745539694,40.54548227358786,8.843994527735353,8.719458553459754,0.0064877820035001,14.81831998454157,42.11081127783665,4.608988821007225,132.11081127783666,0.5544398801969634,0.0006184192934597,-6605.956100513902,True,16,1.3890200101229766e-10,0.0347404133527549,0.5196994667052053,0.5544398800579602,0.4661483421408385,False,False,False,4.65,0.0045921738259494,0.5953583868802005,1.6776941822437073,,1.477119511461624
Garibaldi,4,517510257,511510855,Cux2-CreERT2,,,,6.458991669234764,1.0698094349247218,0.9347459158185176,6.680637949851337,6.2446990386857335,6.680637949851337,6.2446990386857335,61.40556251126952,50.62394409264716,13.205497314251508,10.886869697343474,-0.0013022113519456,52.2499189393697,121.51550765105112,2.991991287760966,31.51550765105111,0.3487009198883132,0.0001463778652696,-7897.069968597402,True,16,0.0702222012729355,0.0565028358622924,0.2921984034768641,0.3487012393391565,0.3456880881066423,True,True,True,4.65,0.0009569700504653,0.6046053095041667,1.5701968041867205,,1.0287472364961305
Gertrude,5,517511183,511510855,Cux2-CreERT2,,,,6.083332393596502,1.1115945252227928,1.1115945252227928,5.769900811622868,6.413790153278529,6.413790153278529,5.769900811622868,55.1334016548706,42.59829477960318,11.85664551717647,9.160923608516812,0.0151614097075494,165.4240497819839,324.8911476122218,1.0085824010029076,54.8911476122218,0.4824950950132208,0.001216350181726,-5999.862900418555,True,16,0.2374796176669276,0.1938810566573023,0.2886140385480117,0.4824950952053141,0.4041259882179734,True,False,True,4.65,0.009745862558484,0.5684913796184696,1.5728678254389954,,0.7370336355861077
Vasily,6,517511567,511510855,Cux2-CreERT2,,,,10.768479330308498,1.245662686501157,1.245662686501157,9.648374474575911,12.018620068369422,12.018620068369422,9.648374474575911,44.34834875218795,45.08243894618778,9.537279301545796,9.69514816047049,-0.0004459511680422,156.22771734686762,124.16274272524122,5.530098841522384,34.16274272524123,0.5065897497347077,6.032707848618476e-05,-8691.293625047507,True,16,0.4494513206979239,0.1850590798615154,0.321530519345014,0.5065895992065295,0.4204047204607058,True,False,True,4.65,0.0004937472916208,0.5910276601711026,1.603550820880493,,1.0627398606631822
Hildegard,7,517514088,511510855,Cux2-CreERT2,,353.0626666666667,117.1456,6.997678085740061,1.0382046038382498,1.0382046038382498,6.867718483261727,7.130096947187366,7.130096947187366,6.867718483261727,55.24190719173778,41.15199284307076,11.87998004123393,8.849890933993711,0.0009434419077443,155.17906300153584,42.83497635097616,0.9236829536505292,132.83497635097615,0.552859080831696,7.560533366175017e-05,-8489.025418662697,True,16,0.3126222048950993,0.1454889867779966,0.4073699888186153,0.5528589755966119,0.4478716092127687,True,False,True,4.65,0.0005900050303898,0.5731473382147977,1.5647399424205866,,1.0053246421521889
Bobby,8,587179530,511509529,Cux2-CreERT2,,31.77089361702128,211.2273191489361,7.543671777963801,1.066703546599383,0.9374675871173096,7.791205397473988,7.304002524705297,7.791205397473988,7.304002524705297,27.11553991403522,49.54014901540821,5.831298906244133,10.65379548718456,0.018113604697517,107.57556182287476,183.69369889744524,0.6146535808696995,93.69369889744524,0.580119562845747,0.0014801668322943,-5823.978023840084,True,16,0.0,0.135579458765554,0.4445401040801863,0.5801195628457403,0.5462187748613938,True,False,False,4.65,0.0124038986116647,0.5921189345089608,1.5703876007899151,,1.5006637863863963
Valentina,9,587435972,511507650,Cux2-CreERT2,,,,7.431014260442623,1.2047836176776432,0.8300245665089746,8.156477105061441,6.770076373368998,8.156477105061441,6.770076373368998,32.23645282436486,49.59539774927715,6.93257049986341,10.66567693532842,-0.0008384122509057,1.1605310769004915,146.0259472073348,9.375602771779333,56.02594720733481,0.498278401547048,7.96103407836109e-05,-8442.776441531783,True,16,0.0001441720363886,0.168332756335137,0.35031161212321,0.4981342328988094,0.518644368458347,True,False,False,4.65,0.0005730004189535,0.5815028412799496,1.5957577791981437,,0.46055310718405823
Ting,10,589156275,511510670,Cux2-CreERT2,,214.2947368421053,142.1242105263158,8.9396474176914,1.6470907969861883,0.6071310712377112,11.473057250951433,6.965649539141731,11.473057250951433,6.965649539141731,30.208487337782888,56.70254027655639,6.496448889845782,12.194094683130404,0.0174625353079344,160.5434743527592,154.5462822656418,11.048971560477476,64.54628226564179,0.7234028450706838,0.0012255105233052,-5993.140400203818,True,16,3.8408798364031327e-10,0.2033404418340426,0.5200624029133746,0.7234028447474172,0.7115560768341771,False,False,False,4.65,0.0098827936686575,0.6034870484740686,1.7607548120999934,,0.4321379961454926
Mathilde,11,589170196,511510718,Cux2-CreERT2,,238.4967,50.19690000000001,12.548498720138577,1.6777044850122955,0.5960525282810286,16.253597600611805,9.687997943507126,16.253597600611805,9.687997943507126,44.2523118867701,46.25820428824823,9.516626212208624,9.94800092220392,-1.956745974058477e-05,15.22881684129223,191.5903198478656,15.284550206993924,101.5903198478656,0.4806621969925598,3.248847056802969e-06,-11308.940497178104,True,16,0.0481124694971365,0.1562840430849186,0.3243774462958602,0.4806614893807788,0.4525733927805565,False,False,False,4.65,2.3732758054393348e-05,0.6054749851007755,1.7266653273351464,,0.8399852641942737
Crispin,12,589170614,511510718,Cux2-CreERT2,,,,7.324924854075429,1.9434613118996849,0.5145458743516356,10.211537192383611,5.254304333129272,10.211537192383611,5.254304333129272,60.117137088726615,41.85582397729272,12.928416578220777,9.001252468234991,2.846319631011972e-05,155.87373186227646,145.9496201240339,8.946170878357549,55.94962012403391,0.3850798343004312,3.3551476744667425e-06,-11280.093235958237,True,16,0.0,0.115098731656812,0.2699832253222213,0.3850819569790333,0.2633141411666155,False,True,False,4.65,2.6006891639553943e-05,0.6041181510866797,1.9332470412377647,,0.9024810588636117
Leontine,13,662279460,650389885,Slc17a7-IRES2-Cre,,323.92088495575223,132.47575221238938,7.652768663728454,1.479367057170646,0.6759647615193918,9.3080039080897,6.291882641953421,9.3080039080897,6.291882641953421,45.44625156757128,30.235724823325,9.773387433886295,6.502306413618279,-0.001306079461071,173.82253171561757,286.4944873049216,4.658368041838616,16.49448730492162,0.5509616841585981,0.0001149045600081,-8113.982183679314,True,16,0.0073951888529956,0.0786708057284149,0.4722909092409678,0.5509617149693827,0.5482844540687137,False,False,False,4.65,0.0008025720238219,0.5861956653689856,1.695705470430049,,1.0691365079818202
Reginald,14,662282845,652842570,Slc17a7-IRES2-Cre,,78.83484375,22.1203125,8.293461082764058,1.3034632428641135,0.767186957878988,9.468587686580104,7.264176982677836,9.468587686580104,7.264176982677836,39.686834162078846,25.44748645683594,8.534803045608353,5.47257773265289,-0.0027416651426678,11.448779840012714,210.65812905346448,6.49272312053285,120.65812905346444,0.6323480679861757,0.0002207793833419,-7528.838571937872,True,16,1.2318789766041505e-08,0.2961715414451354,0.3361765287218977,0.6323480701670332,0.5025643313673394,False,False,False,4.65,0.0018994124606251,0.5752355070912639,1.6114531960404073,,0.5622272990443686
Rowena,15,662283858,652842570,Slc17a7-IRES2-Cre,,,,5.369104737329478,1.0006247853718422,1.0006247853718422,5.367428253820482,5.370781744477882,5.370781744477882,5.367428253820482,43.69719582649128,27.436666554997768,9.397246414299198,5.900358398924251,-0.0001756443689249,163.0988465736536,201.7264424881533,7.835634646963306,111.72644248815334,0.3910350025816688,1.4985798675053206e-05,-9939.133174041435,True,16,0.2371884031453428,0.1291924310803064,0.2618425753610717,0.3910350064413781,0.356159228506517,True,True,True,4.65,0.0001062829892907,0.5893245469144088,1.5673469792070027,,1.8380035209139143
Bertram,16,662284816,650389885,Slc17a7-IRES2-Cre,,329.49696,136.3596,7.353138116458912,1.9850679292333004,0.5037610981837953,10.360015615737154,5.218972843785018,10.360015615737154,5.218972843785018,47.60637740913088,28.39227896044306,10.237930625619542,6.105866443106034,-0.0039359795936756,179.0165897957312,253.18102559536865,1.2990937374999736,163.18102559536862,0.5259186467549355,0.0003499145510873,-7116.208129442336,True,16,0.0003398371514387,0.1127206265949449,0.4183163697673222,0.5259186463444889,0.5310369963622672,False,False,False,4.65,0.0027625509118661,0.6015407963917143,2.0447813250287616,,1.007429292899307
Millicent,17,662284952,652842570,Slc17a7-IRES2-Cre,,125.4745945945946,142.54605405405405,8.563362936212275,1.2574663843296154,1.2574663843296154,7.636531700001549,9.602681905619438,9.602681905619438,7.636531700001549,38.384919769219465,29.39149709153695,8.254821455746121,6.320752062696118,-0.0001239049150944,4.716529882341746,238.36921583009817,12.813861749853668,148.36921583009814,0.477302782226477,1.4139379108944185e-05,-9991.225940611754,True,16,6.52618052821019e-07,0.1303746408397403,0.3469274887663817,0.477302129606122,0.3845707237696846,True,False,False,4.65,0.0001069445286702,0.6049834583051559,1.5994923042495508,,1.2727626520646196
Archibald,18,662297327,653125128,Slc17a7-IRES2-Cre,,16.7895,331.87050000000005,7.894652061590081,1.0273917982081102,0.9733385080006628,8.00204596004598,7.788699475703885,8.00204596004598,7.788699475703885,38.497544590072245,34.15581470727808,8.279041847327363,7.345336496188834,-0.0014981027240264,137.23355909638664,294.37110330325027,7.29483680173903,24.371103303250266,0.5045167878227261,0.0001492516921891,-7879.649315153543,True,16,9.659928978944521e-08,0.0808719697660852,0.4236448208882101,0.5045167906542953,0.4478448003425401,True,False,False,4.65,0.0010680222837254,0.5720534940933656,1.5684448766983488,,0.7252562112003655
Marina,19,662299371,653125128,Slc17a7-IRES2-Cre,,352.828524590164,286.0255737704918,8.552303379190223,1.818798230542976,0.5498135984558685,11.533878173889532,6.341483062937805,11.533878173889532,6.341483062937805,55.10086793968717,37.543064203838256,11.849649019287565,8.073777248137258,0.0012660112401847,1.5656022114485708,329.3594393072661,8.846226590327435,59.359439307266086,0.3914605186671021,0.0001719052161166,-7753.036302712561,True,16,0.0004090022717015,0.0017979559717142,0.3896625537827484,0.3914605097544626,0.363631339298118,False,True,False,4.65,0.0012593091931194,0.5937583001541539,1.9448444555606916,,0.7222755911346033
Desmond,20,662299773,653125128,Slc17a7-IRES2-Cre,,56.72676258992807,270.3738129496403,8.416508612863106,1.2926305402475873,0.7736162568218932,9.569057813096451,7.402778686679968,9.569057813096451,7.402778686679968,37.20572508985584,34.05136955021686,8.001231202119534,7.322875172089647,-0.0068558689076583,21.25337201959863,221.6262107795067,4.382039871891915,131.62621077950666,0.573895773101726,0.0006331459899818,-6584.869339353729,True,16,3.750932897617077e-11,0.1040396296988819,0.4698561433862449,0.5738957730851268,0.5342636577718733,True,False,False,4.65,0.0046739408839493,0.6051233940939121,1.6207524056702194,,1.0797405249123906
Cordelia,21,662301014,653125128,Slc17a7-IRES2-Cre,,,,6.38396156832992,1.2961109511211242,0.771538886493482,7.267940344110968,5.607498600196431,7.267940344110968,5.607498600196431,41.38768408511503,41.73479601290927,8.900577222605383,8.975224949012746,-0.0032905988973718,128.16068025433745,339.3653107872664,11.401737979220044,69.36531078726637,0.4449717686946144,0.0002987613379356,-7257.815491753888,True,16,0.2812358483580124,0.1063341083214556,0.3386376605048077,0.4449717688262633,0.3918463408546484,True,True,True,4.65,0.0021474741585552,0.5949839434104002,1.6247608360245598,,1.116526438112749
Cornelius,22,662301517,653125128,Slc17a7-IRES2-Cre,,30.94123222748816,331.9066350710901,7.3076557915064,1.5331685426321462,0.6522440111399614,9.04842587032377,5.901781584162573,9.04842587032377,5.901781584162573,28.10979313430308,37.06826221967406,6.045116803075931,7.97166929455356,-0.0007453946769544,156.3694646269866,343.3301370281304,8.32771966603699,73.33013702813042,0.4644497768979742,7.448388211724093e-05,-8502.415311850722,True,16,0.4639501732237513,0.020421341993479,0.4440285431001293,0.4644498850936083,0.402307257668538,False,False,True,4.65,0.0004694609809666,0.5959525911222427,1.7139233831086058,,1.5085864512317415
Ottoline,23,673033449,661437138,Slc17a7-IRES2-Cre,,160.81511811023623,174.6524409448819,6.1065065877395215,1.8500332670581647,1.8500332670581647,4.489552567397997,8.30582160389269,8.30582160389269,4.489552567397997,56.535955747377336,34.60709235373015,12.158270053199429,7.442385452415086,0.0039957624227407,13.614867104348493,196.7516794844048,9.663659829447544,106.7516794844048,0.4750956031017919,0.0003267423514172,-7177.599397957044,True,16,0.4049590695721146,0.1734054167993678,0.3016901863077592,0.475095603107127,0.3810888129773723,False,False,True,4.65,0.0025369824608787,0.5062250231180758,1.8507227833864728,,0.9906414562379408
Fletcher,24,673449540,661732156,Slc17a7-IRES2-Cre,,,,6.308897686377675,1.800082946951655,0.5555299558242285,8.464469475475587,4.702266353786484,8.464469475475587,4.702266353786484,67.41515297469695,28.47246243229793,14.49788236014988,6.123110200494178,0.0002557966338813,25.841917768431244,9.304382391041964,6.185693195757202,99.30438239104195,0.3852502205926347,2.595943306972294e-05,-9446.842052457929,True,16,0.0,0.1206664471544319,0.2645845280486906,0.3852509752031225,0.3097539089863242,False,True,False,4.65,0.0001924740505637,0.5999847776699995,1.9107590795087208,,0.750825783348828
Xiomara,25,673450230,661732156,Slc17a7-IRES2-Cre,,224.6266666666667,219.1133333333333,8.203013434101862,2.149495295154614,2.149495295154614,5.595065478052849,12.0265669211566,12.0265669211566,5.595065478052849,54.55074124658084,27.531992887311013,11.731342203565772,5.920858685443228,-0.0010292550786857,177.3399473040478,69.5648628624031,5.233065997716386,159.56486286240312,0.5353114943889346,0.0001001696843527,-8236.945889948864,True,16,0.247513627208085,0.1386704841312416,0.3966408355081576,0.5353113196393993,0.495967819873794,False,False,True,4.65,0.0007550900371279,0.5989046574994337,2.042259359944123,,1.6270324563293674
Wendell,26,674570702,666589599,Slc17a7-IRES2-Cre,,213.96514285714284,68.65114285714286,10.175932257398758,1.6776195461703245,0.5960827067631653,13.180167997433568,7.856470215503449,13.180167997433568,7.856470215503449,58.20666391600294,34.53150074531638,12.51756213247375,7.426129192541156,3.718224815414845e-05,163.3989419166272,138.2193197560419,14.115791361153793,48.2193197560419,0.4377862081333339,5.460152825137849e-06,-10843.758265667875,True,16,2.789453110385587e-06,0.0803747187224793,0.3574086999565585,0.4377834186790379,0.4167491019548625,False,True,False,4.65,3.841946701868437e-05,0.5984162323657201,1.800004412769576,,1.0410494660218081
Winifred,27,696526688,680156909,Slc17a7-IRES2-Cre,,146.49063829787232,347.00042553191486,7.365704964083813,2.427887315967943,0.4118807299758568,11.477005299155614,4.72715732055299,11.477005299155614,4.72715732055299,55.98491320475848,40.98259246316175,12.03976628059322,8.813460744765967,0.0003592847378522,2.8421709430404014e-14,326.8499552654106,4.739456715704612,56.849955265410586,0.4040288581499276,4.092944024559288e-05,-9038.88020533038,True,16,0.0,0.067284911411976,0.3433876810470881,0.4106725924590642,0.3863571587723757,False,True,False,4.65,0.0002968136500567,0.5866879295390948,2.4097199677380865,,0.8201691760327897
Lysander,28,701719883,688678764,Slc17a7-IRES2-Cre,,,,8.63739688883,1.985275393216828,0.5037084544626611,12.170075031107489,6.130169684613775,12.170075031107489,6.130169684613775,34.025190163819026,28.09350477293144,7.31724519652022,6.041613929662674,0.0004750067269461,160.6945527875558,9.23417679408958,9.02997600494876,99.23417679408958,0.459200471042241,5.669557165117669e-05,-8746.921748697057,True,16,0.2506501180025203,0.2283309617147563,0.2308695844393974,0.4592005461541537,0.3980732053668812,False,False,True,4.65,0.0003874853090383,0.6020789519913171,2.0495476512047475,,0.59227671603095
Isadora,29,701720833,688678764,Slc17a7-IRES2-Cre,,331.53872340425534,257.3114893617021,7.934188172230078,1.4188770761032734,0.7047826882553812,9.450937308338032,6.660857002703554,9.450937308338032,6.660857002703554,35.64859051294175,39.74608613335992,7.666363551170269,8.547545405023637,0.0004715729941806,177.74521025905844,242.72471413730216,7.686762366640322,152.72471413730216,0.4127677574973183,5.682929333709517e-05,-8744.810939122288,True,16,0.393753210802589,0.0986252533399636,0.3141417768739991,0.4127670302139627,0.3792606208525003,False,True,True,4.65,0.0003873872780241,0.5665319308835942,1.6522372623250483,,1.514002391636329
Barnabas,30,701728596,688678764,Slc17a7-IRES2-Cre,,,,5.929234386915723,1.2343911774211305,0.8101159650939691,6.587566664198379,5.336692925787928,6.587566664198379,5.336692925787928,30.58354427637689,30.44374938611353,6.577106295995031,6.547042878734093,-0.0059931354961798,27.8382487508334,40.40128551454176,4.564240654890173,130.40128551454177,0.4111535608762862,0.0005415286603124,-6724.91865050199,True,16,0.2731702545844704,0.1560179097553073,0.2551356507503426,0.41115356050565,0.3813100579825863,True,True,True,4.65,0.0041955583449453,0.5898929102529675,1.5999584027656284,,0.8567755049576453
Perpetua,31,701728919,688678764,Slc17a7-IRES2-Cre,,110.7149132947977,278.29317919075146,7.445359101484308,1.3475830092418353,0.7420693145742545,8.642978101001642,6.41368883529058,8.642978101001642,6.41368883529058,40.95525932239667,35.80717044504012,8.807582649977778,7.700466762374219,0.0011664298246703,13.974717068679157,81.28530736200595,7.29613869847673,171.28530736200594,0.5469755440770396,0.0001006444357924,-8232.70935436893,True,16,0.0366057593988256,0.226104914463548,0.3208707181614798,0.5469756326250279,0.4096046419483455,False,False,False,4.65,0.000823476051446,0.5964916545424733,1.652081253315914,,1.4681019799872952
