name,cell_id,container_id,pixel_size_deg,r_squared,kappa_dir,sigma_deg,sigma_phi_deg,sigma_orth_deg,x0_px,y0_px,amplitude,theta_envelope,best_lag,n_noise_lags,noise_rms,signal_peak,noise_scale_source,r2_rebuilt,r2_gap,r2_boot_median
Georgette,517409263,511509529,4.65,0.49524,0.81491,8.66797,9.60203,7.82477,5.58612,11.92756,0.00221,85.237,1,3,0.00066,0.00379,own lags,0.49524,0.0,0.46672
Steve,517430463,511510670,4.65,0.45237,0.75235,7.85747,9.05883,6.81542,5.44956,11.59914,-0.0009,44.81979,1,3,0.00025,0.00128,own lags,0.45237,0.0,0.47422
Cassandra,517509862,511510855,4.65,0.55444,0.66895,8.35012,10.20928,6.82953,8.84399,8.71946,0.00649,14.81832,1,1,0.00139,0.00895,own lags,0.55444,0.0,0.63073
Garibaldi,517510257,511510855,4.65,0.3487,0.93475,6.45899,6.68064,6.2447,13.2055,10.88687,-0.0013,52.24992,1,3,0.00032,0.00163,own lags,0.3487,0.0,0.44367
Gertrude,517511183,511510855,4.65,0.4825,1.11159,6.08333,5.7699,6.41379,11.85665,9.16092,0.01516,165.42405,1,2,0.00274,0.02109,own lags,0.4825,0.0,0.56213
Vasily,517511567,511510855,4.65,0.50659,1.24566,10.76848,9.64837,12.01862,9.53728,9.69515,-0.00045,156.22772,1,3,0.00016,0.00094,own lags,0.50659,0.0,0.54688
Hildegard,517514088,511510855,4.65,0.55286,1.0382,6.99768,6.86772,7.1301,11.87998,8.84989,0.00094,155.17906,1,3,0.00019,0.00133,own lags,0.55286,0.0,0.58783
Bobby,587179530,511509529,4.65,0.58012,0.93747,7.54367,7.79121,7.304,5.8313,10.6538,0.01811,107.57556,1,1,0.00406,0.02197,own lags,0.58012,0.0,0.56165
Valentina,587435972,511507650,4.65,0.49828,0.83002,7.43101,8.15648,6.77008,6.93257,10.66568,-0.00084,1.16053,0,4,0.00017,0.00186,own lags,0.49828,0.0,0.59996
Ting,589156275,511510670,4.65,0.7234,0.60713,8.93965,11.47306,6.96565,6.49645,12.19409,0.01746,160.54347,1,3,0.00269,0.02005,own lags,0.7234,0.0,0.79202
Mathilde,589170196,511510718,4.65,0.48066,0.59605,12.5485,16.2536,9.688,9.51663,9.948,-2e-05,15.22882,0,4,1e-05,4e-05,own lags,0.48066,0.0,0.56312
Crispin,589170614,511510718,4.65,0.38508,0.51455,7.32492,10.21154,5.2543,12.92842,9.00125,3e-05,155.87373,0,4,1e-05,5e-05,own lags,0.38508,0.0,0.37969
Leontine,662279460,650389885,4.65,0.55096,0.67596,7.65277,9.308,6.29188,9.77339,6.50231,-0.00131,173.82253,0,2,0.00031,0.002,own lags,0.55096,0.0,0.55054
Reginald,662282845,652842570,4.65,0.63235,0.76719,8.29346,9.46859,7.26418,8.5348,5.47258,-0.00274,11.44878,0,4,0.00052,0.00291,own lags,0.63235,0.0,0.69421
Rowena,662283858,652842570,4.65,0.39104,1.00062,5.3691,5.36743,5.37078,9.39725,5.90036,-0.00018,163.09885,0,4,4e-05,0.00031,own lags,0.39103,0.0,0.35322
Bertram,662284816,650389885,4.65,0.52592,0.50376,7.35314,10.36002,5.21897,10.23793,6.10587,-0.00394,179.01659,0,4,0.0008,0.00558,own lags,0.52592,0.0,0.60786
Millicent,662284952,652842570,4.65,0.4773,1.25747,8.56336,7.63653,9.60268,8.25482,6.32075,-0.00012,4.71653,0,4,4e-05,0.00018,own lags,0.4773,0.0,0.47812
Archibald,662297327,653125128,4.65,0.50452,0.97334,7.89465,8.00205,7.7887,8.27904,7.34534,-0.0015,137.23356,0,4,0.00039,0.002,own lags,0.50452,0.0,0.51509
Marina,662299371,653125128,4.65,0.39146,0.54981,8.5523,11.53388,6.34148,11.84965,8.07378,0.00127,1.5656,0,3,0.00041,0.00243,own lags,0.39146,0.0,0.45472
Desmond,662299773,653125128,4.65,0.5739,0.77362,8.41651,9.56906,7.40278,8.00123,7.32288,-0.00686,21.25337,0,4,0.00147,0.00924,own lags,0.5739,0.0,0.63287
Cordelia,662301014,653125128,4.65,0.44497,0.77154,6.38396,7.26794,5.6075,8.90058,8.97522,-0.00329,128.16068,0,4,0.00069,0.00608,own lags,0.44497,0.0,0.53833
Cornelius,662301517,653125128,4.65,0.46445,0.65224,7.30766,9.04843,5.90178,6.04512,7.97167,-0.00075,156.36946,0,4,0.00018,0.00133,own lags,0.46445,0.0,0.51996
Ottoline,673033449,661437138,4.65,0.4751,1.85003,6.10651,4.48955,8.30582,12.15827,7.44239,0.004,13.61487,0,4,0.00081,0.00818,own lags,0.4751,0.0,0.50723
Fletcher,673449540,661732156,4.65,0.38525,0.55553,6.3089,8.46447,4.70227,14.49788,6.12311,0.00026,25.84192,0,4,6e-05,0.00037,own lags,0.38525,0.0,0.40548
Xiomara,673450230,661732156,4.65,0.53531,2.1495,8.20301,5.59507,12.02657,11.73134,5.92086,-0.00103,177.33995,0,4,0.00023,0.00158,own lags,0.53531,0.0,0.60048
Wendell,674570702,666589599,4.65,0.43779,0.59608,10.17593,13.18017,7.85647,12.51756,7.42613,4e-05,163.39894,0,4,1e-05,6e-05,own lags,0.43779,0.0,0.43971
Winifred,696526688,680156909,4.65,0.40403,0.41188,7.3657,11.47701,4.72716,12.03977,8.81346,0.00036,0.0,1,1,0.00012,0.00043,own lags,0.40403,0.0,0.38513
Lysander,701719883,688678764,4.65,0.4592,0.50371,8.6374,12.17008,6.13017,7.31725,6.04161,0.00048,160.69455,1,1,0.00014,0.00062,own lags,0.4592,0.0,0.51897
Isadora,701720833,688678764,4.65,0.41277,0.70478,7.93419,9.45094,6.66086,7.66636,8.54755,0.00047,177.74521,1,3,0.00015,0.0008,own lags,0.41277,0.0,0.42602
Barnabas,701728596,688678764,4.65,0.41115,0.81012,5.92923,6.58757,5.33669,6.57711,6.54704,-0.00599,27.83825,1,2,0.00149,0.00582,own lags,0.41115,0.0,0.38468
Perpetua,701728919,688678764,4.65,0.54698,0.74207,7.44536,8.64298,6.41369,8.80758,7.70047,0.00117,13.97472,1,2,0.00028,0.0013,own lags,0.54698,0.0,0.53262
