name,m,r2_refit,r2_stored,gap
Georgette,0,0.4261,0.4261,0.0
Georgette,2,0.4714,0.4714,0.0
Steve,0,0.3482,0.3482,0.0
Steve,2,0.3361,0.3361,0.0
Cassandra,0,0.5197,0.5197,0.0
Cassandra,2,0.4661,0.4661,0.0
Garibaldi,0,0.2922,0.2922,0.0
Garibaldi,2,0.3457,0.3457,0.0
Gertrude,0,0.2886,0.2886,0.0
Gertrude,2,0.4041,0.4041,0.0
Vasily,0,0.3215,0.3215,0.0
Vasily,2,0.4204,0.4204,0.0
Hildegard,0,0.4074,0.4074,0.0
Hildegard,2,0.4479,0.4479,0.0
Bobby,0,0.4445,0.4445,0.0
Bobby,2,0.5462,0.5462,0.0
Valentina,0,0.3503,0.3503,0.0
Valentina,2,0.5186,0.5186,0.0
Ting,0,0.5201,0.5201,0.0
Ting,2,0.7116,0.7116,0.0
Mathilde,0,0.3244,0.3244,0.0
Mathilde,2,0.4526,0.4526,0.0
Crispin,0,0.27,0.27,0.0
Crispin,2,0.2968,0.2633,0.0335
Leontine,0,0.4723,0.4723,0.0
Leontine,2,0.5483,0.5483,0.0
Reginald,0,0.3362,0.3362,0.0
Reginald,2,0.5026,0.5026,0.0
Rowena,0,0.2618,0.2618,0.0
Rowena,2,0.3562,0.3562,0.0
Bertram,0,0.4183,0.4183,0.0
Bertram,2,0.531,0.531,0.0
Millicent,0,0.3469,0.3469,0.0
Millicent,2,0.3846,0.3846,0.0
Archibald,0,0.4236,0.4236,0.0
Archibald,2,0.4478,0.4478,0.0
Marina,0,0.3897,0.3897,0.0
Marina,2,0.2967,0.3636,0.0669
Desmond,0,0.4699,0.4699,0.0
Desmond,2,0.5343,0.5343,0.0
Cordelia,0,0.3386,0.3386,0.0
Cordelia,2,0.3918,0.3918,0.0
Cornelius,0,0.444,0.444,0.0
Cornelius,2,0.4023,0.4023,0.0
Ottoline,0,0.3017,0.3017,0.0
Ottoline,2,0.3811,0.3811,0.0
Fletcher,0,0.2646,0.2646,0.0
Fletcher,2,0.3575,0.3098,0.0477
Xiomara,0,0.3966,0.3966,0.0
Xiomara,2,0.496,0.496,0.0
Wendell,0,0.3574,0.3574,0.0
Wendell,2,0.4168,0.4167,0.0
Winifred,0,0.3434,0.3434,0.0
Winifred,2,0.3864,0.3864,0.0
Lysander,0,0.2309,0.2309,0.0
Lysander,2,0.3981,0.3981,0.0
Isadora,0,0.3141,0.3141,0.0
Isadora,2,0.3793,0.3793,0.0
Barnabas,0,0.2551,0.2551,0.0
Barnabas,2,0.3813,0.3813,0.0
Perpetua,0,0.3209,0.3209,0.0
Perpetua,2,0.4096,0.4096,0.0
