cell_id,lag,r_with_best,accepted
517409263,5,0.2199,True
517409263,6,0.1809,True
517409263,7,0.0245,True
517430463,5,0.0677,True
517430463,6,0.0659,True
517430463,7,0.0391,True
517509862,5,0.3881,False
517509862,6,0.2729,True
517509862,7,0.3008,False
517510257,5,0.1531,True
517510257,6,0.1314,True
517510257,7,0.0713,True
517511183,5,0.4384,False
517511183,6,0.2673,True
517511183,7,0.1892,True
517511567,5,-0.026,True
517511567,6,-0.1133,True
517511567,7,-0.0723,True
517514088,5,-0.0791,True
517514088,6,-0.0929,True
517514088,7,-0.155,True
587179530,5,0.5046,False
587179530,6,0.3596,False
587179530,7,0.2644,True
587435972,4,-0.0172,True
587435972,5,-0.0127,True
587435972,6,-0.1852,True
587435972,7,-0.0051,True
589156275,5,0.229,True
589156275,6,0.186,True
589156275,7,0.1615,True
589170196,4,-0.0583,True
589170196,5,-0.0237,True
589170196,6,-0.0805,True
589170196,7,-0.0264,True
589170614,4,-0.1644,True
589170614,5,-0.0581,True
589170614,6,-0.1162,True
589170614,7,-0.0638,True
662279460,4,-0.1529,True
662279460,5,-0.3223,False
662279460,6,-0.328,False
662279460,7,0.075,True
662282845,4,0.1221,True
662282845,5,0.0565,True
662282845,6,-0.0728,True
662282845,7,-0.076,True
662283858,4,-0.0664,True
662283858,5,-0.1669,True
662283858,6,-0.0242,True
662283858,7,0.0384,True
662284816,4,0.0673,True
662284816,5,-0.1015,True
662284816,6,-0.1177,True
662284816,7,0.1156,True
662284952,4,-0.0242,True
662284952,5,-0.1161,True
662284952,6,-0.2045,True
662284952,7,-0.0022,True
662297327,4,-0.1773,True
662297327,5,-0.0014,True
662297327,6,-0.1319,True
662297327,7,-0.0482,True
662299371,4,-0.0174,True
662299371,5,-0.2303,True
662299371,6,-0.3261,False
662299371,7,-0.2301,True
662299773,4,-0.1795,True
662299773,5,-0.1835,True
662299773,6,-0.2363,True
662299773,7,-0.2869,True
662301014,4,0.0171,True
662301014,5,-0.0202,True
662301014,6,-0.222,True
662301014,7,-0.0182,True
662301517,4,-0.0991,True
662301517,5,-0.0914,True
662301517,6,-0.0145,True
662301517,7,-0.0911,True
673033449,4,-0.0711,True
673033449,5,-0.1105,True
673033449,6,-0.196,True
673033449,7,0.0391,True
673449540,4,-0.2379,True
673449540,5,-0.1153,True
673449540,6,-0.2608,True
673449540,7,0.0102,True
673450230,4,-0.0135,True
673450230,5,-0.0982,True
673450230,6,-0.0572,True
673450230,7,-0.2022,True
674570702,4,-0.1769,True
674570702,5,-0.0507,True
674570702,6,0.0916,True
674570702,7,0.0105,True
696526688,5,-0.3155,False
696526688,6,-0.3675,False
696526688,7,-0.2519,True
701719883,5,0.4639,False
701719883,6,0.3402,False
701719883,7,0.2452,True
701720833,5,-0.0636,True
701720833,6,-0.1475,True
701720833,7,-0.2231,True
701728596,5,0.3322,False
701728596,6,0.2215,True
701728596,7,0.1281,True
701728919,5,-0.1539,True
701728919,6,-0.257,True
701728919,7,-0.3246,False
