name,cell_id,kappa_dir,r_squared,null_lo,null_hi,null_median,p_vs_round,ci_lo,ci_hi,boot_median,recovery_ratio,p_bh,distinct_from_round,ci68_lo,ci68_hi,phi_fit_img,phi_fit_vis,axis_vis,phi_ci95_halfwidth,phi_boot_bias,phi_moment15_img,moment15_vs_fit,theta_env_vs_fit,phi_ci68_halfwidth
Winifred,696526688,0.4119,0.404,0.5561,2.0493,1.0021,0.0396,0.2904,0.8049,0.4239,1.0292,0.1535,False,0.3558,0.5193,0.0,360.0,180.0,24.4458,0.1941,326.85,33.15,0.0,3.9337
Lysander,701719883,0.5037,0.4592,0.6947,1.4011,1.0384,0.0099,0.3604,0.8329,0.5419,1.0758,0.1535,False,0.4478,0.6544,160.6946,199.3054,19.3054,19.3054,0.3151,9.2342,28.5396,0.0,5.4216
Bertram,662284816,0.5038,0.5259,0.7299,1.2802,0.9987,0.0198,0.41,0.6898,0.4927,0.978,0.1535,False,0.4456,0.5623,359.0166,0.9834,0.9834,6.4301,0.8486,253.181,74.1644,0.0,3.0975
Crispin,589170614,0.5145,0.3851,0.5051,1.5287,0.9906,0.0495,0.3483,0.9289,0.5155,1.0019,0.1535,False,0.428,0.6685,155.8737,204.1263,24.1263,24.1263,0.7693,145.9496,9.9241,0.0,6.658
Marina,662299371,0.5498,0.3915,0.6408,1.7069,0.9709,0.0396,0.3764,0.9394,0.5657,1.0288,0.1535,False,0.4542,0.6883,1.5656,358.4344,178.4344,11.3269,0.0833,329.3594,32.2062,0.0,6.382
Fletcher,673449540,0.5555,0.3853,0.389,1.4287,0.9974,0.0693,0.3572,1.1288,0.5568,1.0022,0.1535,False,0.4851,0.7294,25.8419,334.1581,154.1581,35.8867,-1.3174,9.3044,16.5375,0.0,6.5378
Mathilde,589170196,0.5961,0.4807,0.6511,1.7515,0.967,0.0594,0.4414,0.8337,0.5955,0.9991,0.1535,False,0.4692,0.6973,195.2288,164.7712,164.7712,13.2353,0.9497,191.5903,3.6385,0.0,5.5789
Wendell,674570702,0.5961,0.4378,0.5561,1.5883,1.016,0.0693,0.3904,0.9909,0.5996,1.006,0.1535,False,0.4811,0.7782,163.3989,196.6011,16.6011,12.5525,1.0565,138.2193,25.1796,0.0,6.2211
Ting,589156275,0.6071,0.7234,0.8578,1.1489,0.9915,0.0198,0.5136,0.7103,0.6071,1.0,0.1535,False,0.5593,0.6627,160.5435,199.4565,19.4565,4.4773,-0.8616,154.5463,5.9972,0.0,2.4103
Cornelius,662301517,0.6522,0.4644,0.2009,1.3371,0.9939,0.0495,0.2511,0.9393,0.6411,0.9829,0.1535,False,0.5386,0.7608,336.3695,23.6305,23.6305,74.1598,-2.2831,343.3301,6.9607,0.0,7.0453
Cassandra,517509862,0.669,0.5544,0.7706,1.4285,1.0201,0.0099,0.5048,0.8423,0.6549,0.979,0.1535,False,0.5828,0.7661,14.8183,345.1817,165.1817,14.8183,1.0198,42.1108,27.2925,0.0,5.399
Leontine,662279460,0.676,0.551,0.7296,1.3338,0.9798,0.0297,0.5193,0.8743,0.6881,1.0179,0.1535,False,0.5922,0.7828,353.8225,6.1775,6.1775,9.2253,2.4106,286.4945,67.328,0.0,5.715
Isadora,701720833,0.7048,0.4128,0.2686,2.2694,0.9928,0.1386,0.3391,1.2248,0.7294,1.0349,0.2387,False,0.6142,0.8864,177.7452,182.2548,2.2548,49.2812,-1.6029,242.7247,64.9795,0.0,7.088
Perpetua,701728919,0.7421,0.547,0.4184,1.3017,0.9974,0.0891,0.2293,1.0576,0.7378,0.9943,0.1625,False,0.6209,0.843,13.9747,346.0253,166.0253,42.0508,-0.4914,81.2853,67.3106,0.0,8.2494
Steve,517430463,0.7524,0.4524,0.1738,1.381,0.9462,0.2475,0.2777,1.1305,0.7229,0.9608,0.3654,False,0.5926,0.8995,224.8198,135.1802,135.1802,70.4942,1.6108,224.6615,0.1583,0.0,8.1644
Reginald,662282845,0.7672,0.6323,0.7769,1.2578,1.0141,0.0594,0.6601,0.9699,0.7592,0.9896,0.1535,False,0.6997,0.8471,191.4488,168.5512,168.5512,7.2659,-1.5011,210.6581,19.2093,0.0,4.3639
Cordelia,662301014,0.7715,0.445,0.237,1.3334,1.0021,0.1782,0.202,1.1015,0.7712,0.9995,0.2908,False,0.6393,0.9107,308.1607,51.8393,51.8393,51.8393,-0.3465,339.3653,31.2046,0.0,5.3505
Desmond,662299773,0.7736,0.5739,0.8191,1.368,1.0266,0.0891,0.4849,1.0385,0.7674,0.992,0.1625,False,0.6738,0.8801,201.2534,158.7466,158.7466,21.2534,-0.7112,221.6262,20.3728,0.0,6.164
Barnabas,701728596,0.8101,0.4112,0.1665,1.4542,0.933,0.505,0.1483,1.1801,0.801,0.9887,0.6021,False,0.5907,0.973,207.8382,152.1618,152.1618,74.9448,-0.5649,40.4013,12.563,0.0,12.2365
Georgette,517409263,0.8149,0.4952,0.2003,1.4356,0.9745,0.3267,0.2733,1.2378,0.7727,0.9482,0.4404,False,0.6101,0.9272,85.237,274.763,94.763,63.6884,1.745,71.5391,13.6979,0.0,9.2077
Valentina,587435972,0.83,0.4983,0.1374,1.3169,0.9926,0.2376,0.2864,1.092,0.8523,1.0269,0.3654,False,0.7124,0.9481,181.1605,178.8395,178.8395,71.8937,1.2404,146.0259,35.1346,0.0,5.8429
Garibaldi,517510257,0.9347,0.3487,0.1652,1.4172,0.9813,0.6832,0.235,1.2604,0.9162,0.9801,0.7844,False,0.6903,1.1198,232.2499,127.7501,127.7501,61.24,2.0659,121.5155,69.2656,0.0,9.2881
Bobby,587179530,0.9375,0.5801,0.3333,1.3574,1.0056,0.7624,0.1907,1.1409,0.9319,0.9941,0.8255,False,0.7584,1.0577,107.5756,252.4244,72.4244,63.9604,0.1194,183.6937,76.1181,0.0,6.0421
Archibald,662297327,0.9733,0.5045,0.3652,1.5467,0.9963,0.8515,0.2232,1.374,0.9535,0.9796,0.8799,False,0.7936,1.1725,317.2336,42.7664,42.7664,43.7462,-0.5633,294.3711,22.8625,0.0,7.5757
Rowena,662283858,1.0006,0.391,0.2699,1.7631,0.9938,0.9802,0.1704,1.6916,0.9967,0.996,0.9802,False,0.5244,1.1564,253.0988,106.9012,106.9012,81.2924,-0.4243,201.7264,51.3724,90.0,11.1728
Hildegard,517514088,1.0382,0.5529,0.4509,1.1914,1.0059,0.7723,0.5903,1.2879,1.0357,0.9975,0.8255,False,0.9363,1.1784,245.1791,114.8209,114.8209,13.4154,0.0362,42.835,22.3441,90.0,6.5707
Gertrude,517511183,1.1116,0.4825,0.3622,1.3089,1.0131,0.3069,0.1715,1.4471,1.1146,1.0027,0.4325,False,0.9959,1.3016,255.424,104.576,104.576,75.1044,-0.0362,324.8911,69.4671,90.0,7.0475
Vasily,517511567,1.2457,0.5066,0.5345,1.6303,1.0246,0.3663,0.7182,1.715,1.2686,1.0184,0.4732,False,1.0354,1.4918,66.2277,293.7723,113.7723,14.9706,1.1231,124.1627,57.935,90.0,6.2696
Millicent,662284952,1.2575,0.4773,0.3502,1.4064,0.8939,0.396,0.2575,1.8451,1.2071,0.9599,0.4911,False,0.9768,1.4418,274.7165,85.2835,85.2835,22.9979,-0.5465,238.3692,36.3473,90.0,8.086
Ottoline,673033449,1.85,0.4751,0.311,1.307,0.9814,0.0891,0.1566,2.6937,1.7783,0.9612,0.1625,False,1.5496,2.0724,283.6149,76.3851,76.3851,58.1355,-1.4844,196.7517,86.8632,90.0,3.9307
Xiomara,673450230,2.1495,0.5353,0.7791,1.2294,0.9884,0.0297,0.0812,2.5384,2.0867,0.9708,0.1535,False,1.849,2.3256,87.3399,272.6601,92.6601,84.1063,-0.0421,69.5649,17.7751,90.0,2.2998
